Amount,Category,Type,Date
70.0,Investment,Expense,2021-12-18
10.0,Investment,Expense,2022-01-04
40.0,Investment,Expense,2021-12-25
14.0,Investment,Expense,2021-12-30
100.0,Investment,Expense,2021-12-09
155.0,Investment,Expense,2022-01-30
113.0,Investment,Expense,2021-12-18
40.0,Investment,Expense,2021-12-01
40.0,Investment,Expense,2021-12-20
130.0,Investment,Expense,2021-11-28
475.0,Investment,Expense,2022-02-16
20.0,Investment,Expense,2021-12-20
380.0,Investment,Expense,2022-02-19
25.0,Investment,Expense,2021-12-04
125.0,Investment,Expense,2022-02-06
120.0,Investment,Expense,2022-01-30
25.0,Investment,Expense,2021-12-07
110.0,Investment,Expense,2021-12-16
179.0,Investment,Expense,2021-11-24
50.0,Investment,Expense,2021-12-27
30.0,Investment,Expense,2021-12-17
165.0,Investment,Expense,2022-02-16
200.0,Investment,Expense,2022-02-20
289.0,Investment,Expense,2022-02-24
105.0,Investment,Expense,2022-01-30
80.0,Investment,Expense,2021-12-14
107.0,Investment,Expense,2022-01-04
66.0,Investment,Expense,2022-01-13
148.0,Investment,Expense,2022-01-18
110.0,Investment,Expense,2021-12-17
176.0,Investment,Expense,2022-01-23
145.0,Investment,Expense,2021-12-20
301.75,Investment,Expense,2022-01-12
120.0,Investment,Expense,2021-11-28
65.0,Investment,Expense,2021-12-04
75.0,Investment,Expense,2021-12-02
504.0,Investment,Expense,2021-12-03
388.0,Investment,Expense,2022-01-05
465.0,Investment,Expense,2022-01-23
80.0,Investment,Expense,2022-02-04
40.0,Investment,Expense,2021-11-29
504.0,Investment,Expense,2021-12-27
70.0,Investment,Expense,2021-11-30
25.0,Investment,Expense,2022-01-26
20.0,Investment,Expense,2021-12-30
373.0,Investment,Expense,2022-02-11
40.0,Investment,Expense,2021-11-29
239.0,Investment,Expense,2021-12-23
83.0,Investment,Expense,2022-02-23
15.0,Investment,Expense,2022-01-07
106.0,Investment,Expense,2022-02-16
200.0,Investment,Expense,2021-12-04
50.0,Investment,Expense,2022-02-03
15.0,Investment,Expense,2021-12-07
25.0,Investment,Expense,2021-12-08
40.0,Investment,Expense,2022-01-23
243.0,Investment,Expense,2022-02-27
10.0,Investment,Expense,2022-01-28
32.0,Investment,Expense,2021-12-23
324.0,Investment,Expense,2021-12-05
354.0,Investment,Expense,2022-01-05
348.0,Investment,Expense,2022-02-18
95.0,Investment,Expense,2021-11-26
324.7,Investment,Expense,2022-02-24
40.0,Investment,Expense,2021-12-10
15.0,Investment,Expense,2021-11-25
50.0,Investment,Expense,2022-03-02
280.0,Investment,Expense,2021-12-09
211.0,Investment,Expense,2022-01-05
302.0,Investment,Expense,2022-01-23
30.0,Investment,Expense,2021-12-25
120.0,Investment,Expense,2022-02-02
133.0,Investment,Expense,2022-01-24
74.0,Investment,Expense,2021-12-14
150.0,Investment,Expense,2022-02-06
641.0,Investment,Expense,2022-02-10
195.0,Investment,Expense,2021-12-10
40.0,Investment,Expense,2022-01-24
15.0,Investment,Expense,2021-12-24
40.0,Investment,Expense,2021-11-26
20.0,Investment,Expense,2021-11-25
150.0,Investment,Expense,2021-11-27
37.0,Investment,Expense,2022-01-21
25.0,Investment,Expense,2021-12-09
20.0,Investment,Expense,2022-01-06
20.0,Investment,Expense,2022-01-01
138.0,Investment,Expense,2022-01-28
102.0,Investment,Expense,2021-11-27
150.0,Investment,Expense,2021-11-26
877.81,Investment,Expense,2022-01-06
97.0,Investment,Expense,2021-11-23
160.0,Investment,Expense,2021-12-18
70.0,Investment,Expense,2022-01-15
25.0,Investment,Expense,2022-02-26
241.0,Investment,Expense,2021-12-11
40.0,Investment,Expense,2021-12-03
301.15,Investment,Expense,2022-01-18
115.0,Investment,Expense,2022-01-26
30.0,Investment,Expense,2021-12-25
115.0,Investment,Expense,2021-12-28
279.0,Investment,Expense,2022-01-27
188.0,Investment,Expense,2022-01-21
84.0,Investment,Expense,2022-02-26
300.0,Investment,Expense,2022-01-23
300.0,Investment,Expense,2022-01-03
110.0,Investment,Expense,2021-12-09
20.0,Investment,Expense,2021-12-20
262.0,Investment,Expense,2021-12-24
75.0,Investment,Expense,2021-11-27
30.0,Investment,Expense,2021-11-27
80.0,Investment,Expense,2021-12-21
33.0,Investment,Expense,2022-02-25
111.0,Investment,Expense,2022-02-19
535.3,Investment,Expense,2022-01-08
50.0,Investment,Expense,2021-11-30
339.15,Investment,Expense,2022-02-28
80.0,Investment,Expense,2022-02-17
18.0,Investment,Expense,2022-01-25
85.0,Investment,Expense,2022-01-02
94.0,Investment,Expense,2021-11-29
40.0,Investment,Expense,2022-02-26
269.4,Investment,Expense,2021-11-29
30.0,Investment,Expense,2021-12-16
67.0,Investment,Expense,2022-03-01
150.0,Investment,Expense,2021-12-06
10.0,Investment,Expense,2022-01-06
15.0,Investment,Expense,2021-12-08
1530.0,Investment,Expense,2022-01-14
25.0,Investment,Expense,2021-12-14
59.0,Investment,Expense,2022-01-18
90.0,Investment,Expense,2021-11-24
106.0,Investment,Expense,2022-01-10
171.0,Investment,Expense,2022-01-19
18.0,Investment,Expense,2021-12-21
80.0,Investment,Expense,2022-02-12
135.5,Investment,Expense,2022-01-11
70.0,Investment,Expense,2021-11-25
160.0,Investment,Expense,2021-12-01
259.0,Investment,Expense,2022-01-25
60.0,Investment,Expense,2021-11-26
78.0,Investment,Expense,2022-03-01
150.56575809221792,Food,Expense,2022-01-03
1500.0,Food,Expense,2022-02-18
200.0,Food,Expense,2022-01-17
500.0,Food,Expense,2021-12-25
1000.0,Food,Expense,2022-02-02
240.0,Food,Income,2022-01-14
1000.0,Food,Expense,2022-02-02
143.5256885633417,Food,Expense,2022-02-13
142.74721792990064,Food,Expense,2022-01-05
250.0,Food,Expense,2022-02-23
125.0,Food,Income,2022-01-26
143.31158747336391,Food,Expense,2021-12-09
300.0,Food,Expense,2022-01-27
100.0,Food,Expense,2022-02-11
1000.0,Food,Income,2022-01-18
340.0,Food,Income,2022-01-14
2000.0,Food,Expense,2022-03-01
300.0,Food,Expense,2021-12-26
200.0,Food,Expense,2022-02-22
500.0,Food,Expense,2021-11-29
200.2782704788351,Food,Expense,2021-12-10
1500.0,Food,Income,2022-01-27
500.0,Food,Income,2022-02-02
5000.0,Food,Income,2022-02-06
1000.0,Food,Income,2022-01-13
80.0,Food,Expense,2022-01-17
240.0,Food,Expense,2021-12-01
400.0,Food,Income,2021-12-18
40.0,Food,Income,2021-12-27
30.0,Food,Expense,2022-02-24
8.0,Food,Income,2022-01-03
100.0,Food,Expense,2022-01-10
50.0,Food,Expense,2021-12-17
450.50708101814234,Food,Expense,2022-02-20
1000.0,Food,Expense,2022-01-19
79.06828441545754,Food,Expense,2022-02-10
130.3444675711546,Food,Expense,2022-01-06
302.52679889862617,Food,Expense,2022-02-10
5.0,Food,Income,2022-01-03
170.0,Food,Income,2022-01-14
30.0,Food,Expense,2021-11-27
2000.0,Food,Expense,2022-02-14
50.0,Food,Expense,2022-02-10
40.0,Food,Expense,2022-01-05
456.5126577475484,Food,Expense,2022-01-19
200.0,Food,Income,2022-01-21
254.6591058062456,Food,Expense,2022-01-21
100.0,Food,Expense,2021-12-10
150.0,Food,Expense,2022-02-03
500.0,Food,Expense,2022-02-20
500.0,Food,Expense,2021-11-29
1500.0,Food,Expense,2021-12-02
70.0,Food,Income,2022-01-14
1000.0,Food,Expense,2021-12-29
200.0,Food,Expense,2021-12-11
201.0,Food,Expense,2022-01-03
1500.0,Food,Income,2022-02-26
479.0,Food,Expense,2022-01-12
30.0,Food,Expense,2021-11-29
240.0,Food,Expense,2021-12-31
5777.330756609243,Food,Expense,2022-02-15
100.0,Food,Expense,2022-01-27
340.0,Food,Expense,2021-11-26
1500.0,Food,Expense,2022-02-06
40.0,Food,Expense,2022-01-29
300.0,Food,Expense,2022-01-26
300.0,Food,Expense,2022-03-02
80.0,Food,Expense,2022-02-14
7.883516073048048,Food,Expense,2021-12-18
300.0,Food,Expense,2022-01-03
100.0,Food,Expense,2022-01-20
340.0,Food,Income,2022-01-14
80.0,Food,Expense,2022-01-04
142.01719202335397,Food,Expense,2022-02-01
1500.0,Food,Income,2022-01-15
200.0,Food,Expense,2022-01-18
500.0,Food,Expense,2021-11-25
500.0,Food,Expense,2022-01-05
240.0,Food,Expense,2021-12-19
100.0,Food,Expense,2021-12-02
142.66781014275284,Food,Expense,2022-01-19
100.0,Food,Expense,2022-01-01
250.0,Food,Expense,2021-12-30
50.0,Food,Expense,2022-02-18
40.0,Food,Expense,2021-12-04
200.0,Food,Expense,2022-01-18
200.0,Food,Income,2022-01-12
100.0,Food,Expense,2021-12-22
200.74608458606565,Food,Expense,2021-12-04
340.0,Food,Expense,2022-03-02
441.2889785831214,Food,Expense,2022-02-11
23.8292687475379,Food,Expense,2021-12-14
100.0,Food,Expense,2021-12-19
100.0,Food,Expense,2022-02-26
50.0,Food,Expense,2021-11-25
100.0,Food,Expense,2021-12-14
250.0,Food,Expense,2021-12-30
440.0,Food,Income,2022-01-06
100.0,Food,Expense,2021-12-28
200.0,Food,Expense,2021-12-20
260.0,Food,Income,2022-01-08
58.0,Transportation,Expense,2022-02-21
33.42822009461837,Transportation,Expense,2021-12-29
50.0,Transportation,Expense,2022-01-14
43.0,Transportation,Expense,2021-12-13
43.497320976771135,Transportation,Expense,2022-01-03
50.0,Transportation,Expense,2021-11-24
131.11415533394924,Transportation,Expense,2022-01-18
128.35302495589238,Transportation,Expense,2022-01-05
43.0,Transportation,Expense,2022-02-16
43.0,Transportation,Expense,2021-12-01
60.0,Transportation,Expense,2022-01-05
755.2642792451111,Transportation,Expense,2021-11-22
325.0,Transportation,Expense,2022-01-25
136.0988996480608,Transportation,Expense,2021-11-25
306.0,Transportation,Expense,2021-12-25
130.0,Transportation,Expense,2021-11-23
136.84084102327023,Transportation,Expense,2021-11-24
61.141805921749615,Transportation,Expense,2021-11-30
906.4956126593992,Transportation,Expense,2022-01-28
50.0,Transportation,Expense,2022-02-21
43.0,Transportation,Expense,2022-01-15
42.0,Transportation,Expense,2022-01-06
153.0,Transportation,Expense,2022-01-31
214.0,Transportation,Expense,2022-02-07
199.71906549031263,Transportation,Expense,2022-01-14
60.0,Transportation,Expense,2022-02-15
1323.6333232678542,Transportation,Expense,2022-01-05
50.0,Transportation,Expense,2022-02-17
43.0,Transportation,Expense,2022-03-01
43.58258899685122,Transportation,Expense,2021-12-09
280.26454834329166,Transportation,Expense,2022-02-04
818.7932465388211,Transportation,Expense,2022-01-27
50.0,Transportation,Expense,2022-02-18
324.68483125037073,Transportation,Expense,2021-12-11
43.0,Transportation,Expense,2021-12-19
135.05844664474864,Transportation,Expense,2022-02-02
58.0,Transportation,Expense,2022-02-16
50.0,Transportation,Expense,2021-12-24
199.729007168041,Transportation,Expense,2022-01-06
35.0,Transportation,Expense,2021-11-27
50.0,Transportation,Expense,2021-11-26
43.0,Transportation,Expense,2022-01-12
50.0,Transportation,Expense,2022-01-28
60.0,Transportation,Expense,2021-11-29
320.6528348556592,Transportation,Expense,2022-02-17
199.0,Transportation,Expense,2021-12-30
137.67379886756189,Transportation,Expense,2022-02-20
1335.057245724517,Transportation,Expense,2022-01-04
50.0,Transportation,Expense,2022-01-31
879.3512293316114,Transportation,Expense,2021-12-23
306.59715452804795,Transportation,Expense,2022-02-02
204.70824069298965,Transportation,Expense,2022-01-16
58.0,Transportation,Expense,2021-11-26
60.0,Transportation,Expense,2022-01-06
43.0,Transportation,Expense,2022-02-27
42.70685734384762,Transportation,Expense,2021-12-03
201.8,Transportation,Expense,2022-02-21
60.0,Transportation,Expense,2021-12-21
322.9586209713096,Transportation,Expense,2022-01-05
1524.168392982585,Transportation,Expense,2022-01-06
58.0,Transportation,Expense,2022-01-21
1365.0,Transportation,Expense,2022-01-15
322.8440030964288,Transportation,Expense,2022-02-23
1000.0,Transportation,Expense,2022-02-06
58.0,Transportation,Expense,2022-01-29
139.12959572582156,Transportation,Expense,2021-12-10
30.0,Transportation,Expense,2022-03-01
60.0,Transportation,Expense,2021-12-21
43.0,Transportation,Expense,2022-01-27
979.6377207731252,Transportation,Expense,2022-01-12
42.633403756510425,Transportation,Expense,2021-12-03
58.0,Transportation,Expense,2021-11-24
63.69077143090332,Transportation,Expense,2021-12-27
58.0,Transportation,Expense,2021-12-24
80.0,Transportation,Expense,2021-12-20
286.0,Transportation,Income,2021-12-30
50.0,Transportation,Expense,2021-11-23
199.9944778828764,Transportation,Expense,2021-12-06
60.0,Transportation,Expense,2022-02-17
313.3479715797102,Transportation,Expense,2022-02-08
43.0,Transportation,Expense,2021-12-19
199.174366429005,Transportation,Expense,2022-01-07
131.09517259299523,Transportation,Expense,2022-01-12
43.0,Transportation,Expense,2022-02-12
33.85483589977281,Transportation,Expense,2022-01-05
58.0,Transportation,Expense,2022-02-17
58.0,Transportation,Expense,2022-01-18
58.0,Transportation,Expense,2021-11-21
50.0,Transportation,Expense,2021-12-27
50.0,Transportation,Expense,2021-12-10
68.89598376801075,Transportation,Expense,2021-12-25
306.13209048009264,Transportation,Expense,2022-01-16
127.29606178338064,Transportation,Expense,2022-02-22
1575.0,Transportation,Expense,2022-02-19
199.74821770417464,Transportation,Expense,2021-12-29
43.0,Transportation,Expense,2022-01-08
280.7056316023576,Transportation,Expense,2022-01-21
979.4985729880632,Transportation,Expense,2022-02-17
50.0,Transportation,Expense,2022-02-26
50.0,Transportation,Expense,2022-01-09
43.0,Transportation,Expense,2021-12-26
756.8639913694107,Transportation,Expense,2021-12-17
60.0,Transportation,Expense,2022-02-19
787.9006546613649,Transportation,Expense,2022-03-02
32.45714654417649,Transportation,Expense,2021-11-21
1339.6216817086934,Transportation,Expense,2022-01-20
273.6469626006711,Transportation,Expense,2022-01-11
199.80367207689912,Transportation,Expense,2021-12-08
60.0,Transportation,Expense,2022-03-02
43.35482720959055,Transportation,Expense,2021-12-26
199.68199652502813,Transportation,Expense,2022-01-02
270.0,Transportation,Expense,2022-02-19
44.0,Transportation,Expense,2022-01-29
58.0,Transportation,Expense,2021-11-25
210.08648320734483,Transportation,Expense,2021-12-16
138.0,Transportation,Expense,2022-02-21
43.0,Transportation,Expense,2022-01-13
779.6468124218974,Transportation,Expense,2022-01-04
210.9586348043837,Transportation,Expense,2022-01-05
43.40910705681176,Transportation,Expense,2022-02-25
200.0,Transportation,Expense,2022-02-19
135.42051489473826,Transportation,Expense,2022-02-20
275.40184274245803,Transportation,Expense,2022-02-13
1300.0,Transportation,Expense,2022-02-21
124.89452760277564,Transportation,Expense,2022-02-25
69.54534341236013,Transportation,Expense,2021-12-08
1361.6538811687508,Transportation,Expense,2021-12-12
275.7990804583166,Transportation,Expense,2021-12-28
58.0,Transportation,Expense,2022-02-12
39.18030719054906,Shopping,Expense,2022-02-04
399.0,Shopping,Expense,2022-01-29
436.13711111004847,Shopping,Expense,2021-12-13
46.62607986626504,Shopping,Expense,2022-03-01
399.0,Shopping,Expense,2021-12-15
399.0,Shopping,Expense,2021-12-27
132.26495775197938,Shopping,Expense,2022-02-22
133.08104802307307,Shopping,Expense,2022-01-16
134.8790694170072,Shopping,Expense,2022-02-12
399.0,Shopping,Expense,2022-02-22
497.4326681988464,Shopping,Expense,2022-03-02
135.90892943188243,Shopping,Expense,2021-12-05
399.0,Shopping,Expense,2022-01-28
86.7071965625549,Shopping,Expense,2022-01-23
1138.8581014858864,Shopping,Expense,2021-12-17
139.23020090171207,Shopping,Expense,2021-12-10
131.12913575734882,Shopping,Expense,2022-02-15
399.0,Shopping,Expense,2022-01-31
75.29008024157113,Shopping,Expense,2022-01-05
103.77815768615892,Shopping,Expense,2022-02-24
399.0,Shopping,Expense,2022-01-09
456.8183571457865,Shopping,Expense,2022-01-31
872.7817766101065,Shopping,Expense,2021-12-31
646.6234346507756,Shopping,Expense,2022-01-22
1423.3231112121016,Shopping,Expense,2022-01-02
138.7733935338098,Shopping,Expense,2022-02-02
399.0,Shopping,Expense,2022-01-24
399.0,Shopping,Expense,2022-02-17
457.8414886819733,Shopping,Expense,2021-11-24
399.0,Shopping,Expense,2021-12-28
137.72064837458058,Shopping,Expense,2022-01-29
127.031161022769,Shopping,Expense,2022-02-17
467.35650386590373,Shopping,Expense,2021-12-24
424.6043680830796,Shopping,Expense,2021-12-29
399.0,Shopping,Expense,2021-12-31
399.0,Shopping,Expense,2022-02-03
399.0,Shopping,Expense,2021-12-08
139.63113052645468,Shopping,Expense,2021-12-01
118.57004299158426,Shopping,Expense,2022-02-22
137.50707770851125,Shopping,Expense,2022-01-13
477.3487997444835,Shopping,Expense,2022-02-09
137.623624560076,Shopping,Expense,2021-11-23
399.0,Shopping,Expense,2022-02-24
667.101232755967,Shopping,Expense,2021-12-14
130.143495458894,Shopping,Expense,2021-12-26
435.7225484623582,Shopping,Expense,2021-12-01
428.0698986438989,Shopping,Expense,2021-11-30
399.0,Shopping,Expense,2022-01-06
487.9209811602315,Shopping,Expense,2021-12-02
536.6832924627511,Shopping,Expense,2022-01-15
136.09564333979898,Shopping,Expense,2022-01-25
631.8795549147969,Shopping,Expense,2022-02-22
134.1038292303563,Shopping,Expense,2021-12-11
399.0,Shopping,Expense,2022-01-14
399.0,Shopping,Expense,2021-11-24
418.4485443284297,Shopping,Expense,2022-01-20
1800.0,Shopping,Expense,2021-12-05
399.0,Shopping,Expense,2022-01-17
139.0971022994559,Shopping,Expense,2022-01-20
1690.6180455064366,Shopping,Expense,2022-01-14
326.797245364458,Household,Expense,2022-01-03
4646.921182506006,Household,Expense,2021-12-08
311.7378680650545,Household,Expense,2022-01-20
4778.841158759888,Household,Expense,2022-02-08
335.8170962661571,Household,Expense,2022-02-12
325.942218480785,Household,Expense,2022-02-27
4774.179995501655,Household,Expense,2022-02-19
4722.982750307171,Household,Expense,2022-01-22
4677.175440206439,Household,Expense,2021-11-24
249.07308533337,Household,Expense,2022-02-27
4671.632188531481,Household,Expense,2022-01-23
4742.61758153731,Household,Expense,2022-02-01
4645.0394108842975,Household,Expense,2022-01-28
977.1455941382663,Household,Expense,2022-01-23
306.0746614289901,Household,Expense,2022-02-09
4763.775712308553,Household,Expense,2022-02-12
4660.623132608229,Household,Expense,2021-11-25
533.8613158844278,Household,Expense,2022-01-05
1560.0561549966983,Household,Expense,2022-01-31
322.88012330411175,Household,Expense,2021-12-05
308.0601823061359,Household,Expense,2021-12-04
4751.943103812297,Household,Expense,2022-02-27
231.8848893982512,Household,Expense,2022-02-05
4624.673469441649,Household,Expense,2021-11-23
4697.499672262597,Household,Expense,2022-01-14
328.91624148676016,Household,Expense,2022-02-23
188.41031498058743,Household,Expense,2022-02-20
1309.5582808576396,Household,Expense,2021-12-10
314.3873511848805,Household,Expense,2021-12-11
4734.078722594009,Household,Expense,2021-12-26
1837.922742492156,Household,Expense,2021-12-11
325.08523994587307,Household,Expense,2021-11-28
4678.363520404308,Household,Expense,2022-02-17
4674.15907617398,Household,Expense,2022-01-15
1142.5015735317124,Household,Expense,2022-01-19
4584.643571179498,Household,Expense,2021-12-25
322.4657379694979,Household,Expense,2021-12-25
691.5175446522364,Household,Expense,2022-01-16
4745.687266175508,Household,Expense,2021-11-28
4722.4918265191,Household,Expense,2022-01-29
225.8593059015022,Household,Expense,2022-02-23
1186.2043690200526,Household,Expense,2021-11-22
1333.1627336051142,Household,Expense,2022-02-23
109.21181282629284,Household,Expense,2022-01-25
4723.29348279582,Household,Expense,2021-11-25
4773.1406499658515,Household,Expense,2022-01-30
331.5175296473728,Household,Expense,2021-12-21
328.4578492806891,Household,Expense,2021-11-21
316.2374396058783,Household,Expense,2021-11-24
328.008722036845,Household,Expense,2021-12-18
4613.157859672395,Household,Expense,2021-12-19
319.7908645356791,Household,Expense,2022-01-04
303.0171724408454,Household,Expense,2021-12-28
111.66569124856962,Household,Expense,2022-01-22
319.29849260105334,Household,Expense,2021-12-27
4744.138608934444,Household,Expense,2022-02-08
4580.0,Household,Expense,2022-01-08
1244.2447604941126,Household,Expense,2022-02-11
313.0391148216123,Household,Expense,2022-02-17
313.1660061311288,Household,Expense,2022-02-16
659.6306075142261,Household,Expense,2021-12-14
1913.013619919233,Household,Expense,2022-01-25
1124.4753634690312,Household,Expense,2021-11-29
4787.427785522756,Household,Expense,2022-01-10
312.36939216633635,Household,Expense,2022-02-07
4705.904343217584,Household,Expense,2021-12-19
303.0,Household,Expense,2022-02-24
1560.6435142128344,Household,Expense,2022-02-06
1395.872507970253,Household,Expense,2021-11-24
843.2669499632086,Household,Expense,2021-12-01
4728.651825748641,Household,Expense,2022-02-14
1477.42110628286,Household,Expense,2022-02-22
4785.723705636024,Household,Expense,2022-01-16
4727.177416037131,Household,Expense,2022-02-14
1619.230844334888,Household,Expense,2021-12-20
4721.614475623065,Household,Expense,2022-02-21
335.13090661292546,Household,Expense,2022-02-14
1387.036830424674,Household,Expense,2022-01-02
1144.4272221420017,Household,Expense,2021-12-30
275.85410718803837,Household,Expense,2022-01-11
305.4864264482022,Household,Expense,2021-12-08
1400.3134071540433,Entertainment,Expense,2021-12-30
140.8611100100608,Entertainment,Expense,2022-02-01
111.0062227071188,Entertainment,Expense,2021-11-26
260.0686294152206,Entertainment,Expense,2021-12-31
174.86814534474038,Entertainment,Expense,2022-01-12
885.4513717893435,Entertainment,Expense,2022-02-08
165.40524011536533,Entertainment,Expense,2022-02-26
107.349527226632,Entertainment,Expense,2022-02-21
122.5633105316707,Entertainment,Expense,2022-02-05
153.19226129196096,Entertainment,Expense,2022-01-11
124.0604689128317,Entertainment,Expense,2022-01-06
813.3758559762872,Entertainment,Expense,2022-02-28
144.00673163331587,Entertainment,Expense,2021-12-26
145.74321951102243,Entertainment,Expense,2022-01-31
137.4108852087318,Entertainment,Expense,2021-12-03
174.86604883855694,Entertainment,Expense,2021-12-14
1324.8095075175331,Entertainment,Expense,2022-02-01
257.36210176799,Entertainment,Expense,2022-02-02
185.32040778677532,Entertainment,Expense,2022-01-12
117.46047873063304,Entertainment,Expense,2022-02-18
188.13754562516,Entertainment,Expense,2022-02-07
116.16014660103777,Entertainment,Expense,2021-12-16
174.4626348711217,Entertainment,Expense,2022-01-27
229.79462252316944,Entertainment,Expense,2022-02-16
197.42606243750052,Entertainment,Expense,2022-02-18
940.580579534876,Entertainment,Expense,2022-02-05
132.99920230170895,Entertainment,Expense,2022-01-28
124.39534708503597,Entertainment,Expense,2022-02-08
102.0387570777382,Entertainment,Expense,2021-11-25
164.3910389326232,Entertainment,Expense,2022-02-19
118.32351446195528,Entertainment,Expense,2022-02-06
106.13134640360224,Entertainment,Expense,2022-02-22
138.6752112401031,Entertainment,Expense,2022-02-20
272.5604973103189,Entertainment,Expense,2021-12-07
443.2840029008878,Entertainment,Expense,2022-01-16
153.58407187061374,Entertainment,Expense,2022-02-12
361.18944274189386,Entertainment,Expense,2021-12-04
106.13303233095095,Entertainment,Expense,2021-12-21
244.49641940526635,Entertainment,Expense,2022-02-25
314.4602031167985,Entertainment,Expense,2022-02-17
300.6717998732928,Entertainment,Expense,2022-01-27
244.8665362553644,Entertainment,Expense,2022-01-18
205.95613735094753,Entertainment,Expense,2022-02-18
125.52736198612185,Entertainment,Expense,2022-01-13
496.78935857378474,Entertainment,Expense,2022-02-14
204.61983741692433,Entertainment,Expense,2021-12-12
157.44316642415714,Entertainment,Expense,2021-12-14
499.28000895503465,Entertainment,Expense,2022-01-09
199.65239347344047,Entertainment,Expense,2022-01-03
1183.2132914455178,Entertainment,Expense,2022-01-25
321.48979671047476,Entertainment,Expense,2021-11-25
147.69642885012937,Entertainment,Expense,2022-01-08
135.75797528112662,Entertainment,Expense,2021-12-18
163.87739423692474,Entertainment,Expense,2021-12-22
331.7548180377042,Entertainment,Expense,2022-02-24
188.11812280038,Entertainment,Expense,2021-12-14
363.72,Entertainment,Income,2021-12-18
113.93232321183058,Entertainment,Expense,2022-02-03
337.2581469284299,Entertainment,Expense,2021-12-03
191.14446602964756,Entertainment,Expense,2022-02-22
146.23468091392814,Entertainment,Expense,2022-02-26
183.1192414298186,Entertainment,Expense,2022-01-11
112.96156911228978,Entertainment,Expense,2022-02-15
143.03652916281715,Entertainment,Expense,2021-12-16
299.362040517558,Entertainment,Expense,2022-02-22
115.1492129502366,Entertainment,Expense,2021-11-24
1700.0,Entertainment,Expense,2022-02-26
155.3976722411443,Entertainment,Expense,2022-01-06
105.67367606202946,Entertainment,Expense,2021-11-27
131.61529152967898,Entertainment,Expense,2021-12-13
514.604152983009,Entertainment,Expense,2022-01-31
1650.7087099890848,Entertainment,Expense,2022-01-01
239.0276365783824,Entertainment,Expense,2021-11-27
145.31626160859537,Entertainment,Expense,2021-12-23
124.86242529461929,Entertainment,Expense,2022-01-03
413.90092871475554,Entertainment,Expense,2022-01-24
399.7854558954021,Entertainment,Expense,2022-01-02
166.3932226297061,Entertainment,Expense,2021-12-07
145.79300175024756,Entertainment,Expense,2021-12-22
201.62838366093,Entertainment,Expense,2022-02-24
132.02544243901224,Entertainment,Expense,2021-12-17
104.85882468853842,Entertainment,Expense,2022-01-18
145.4855114972796,Entertainment,Expense,2022-01-12
118.44306870013683,Entertainment,Expense,2021-12-06
103.16350056316328,Entertainment,Expense,2022-01-14
145.34486160970505,Entertainment,Expense,2021-11-25
104.58670570166731,Entertainment,Expense,2022-01-28
130.75036133495848,Entertainment,Expense,2022-02-21
1512.8085321197375,Entertainment,Expense,2021-11-30
106.87604720729966,Entertainment,Expense,2022-02-12
109.49433026604096,Entertainment,Expense,2021-12-10
167.40193702486997,Entertainment,Expense,2022-01-22
133.8782180921141,Entertainment,Expense,2021-12-16
134.0998262514068,Entertainment,Expense,2021-12-20
112.19948216895418,Entertainment,Expense,2021-11-30
131.4920649872278,Entertainment,Expense,2022-01-06
116.0390032485868,Entertainment,Expense,2022-02-25
192.75525639543883,Entertainment,Expense,2022-02-26
1400.0,Food,Expense,2022-01-17
1400.0,Food,Expense,2022-01-19
1400.0,Food,Expense,2022-02-26
1400.0,Food,Expense,2022-02-18
1400.0,Food,Expense,2022-01-23
1400.0,Food,Expense,2021-11-29
1400.0,Food,Expense,2021-12-16
1400.0,Food,Expense,2022-01-16
1400.0,Food,Expense,2021-12-18
1400.0,Food,Expense,2021-12-06
1400.0,Food,Expense,2021-11-21
1400.0,Food,Expense,2021-12-07
1400.0,Food,Expense,2021-11-29
1400.0,Food,Expense,2021-12-04
1400.0,Food,Expense,2022-02-28
1400.0,Food,Expense,2022-01-03
1400.0,Food,Expense,2021-12-19
1400.0,Food,Expense,2022-01-23
1400.0,Food,Expense,2021-12-12
1400.0,Food,Expense,2021-11-28
1400.0,Food,Expense,2021-11-28
1400.0,Food,Expense,2021-12-16
1400.0,Food,Expense,2021-12-14
1400.0,Food,Expense,2022-01-11
1400.0,Food,Expense,2022-02-15
1400.0,Food,Expense,2021-12-18
1400.0,Food,Expense,2021-12-06
1400.0,Food,Expense,2021-12-17
1400.0,Food,Expense,2022-01-21
1400.0,Food,Expense,2022-01-11
1400.0,Food,Expense,2022-01-24
1400.0,Food,Expense,2022-02-24
1400.0,Food,Expense,2021-12-15
1400.0,Food,Expense,2021-12-02
1400.0,Food,Expense,2022-02-22
1400.0,Food,Expense,2022-01-18
1400.0,Food,Expense,2022-01-04
1400.0,Food,Expense,2021-11-28
1400.0,Food,Expense,2022-02-02
1400.0,Food,Expense,2021-11-24
1400.0,Food,Expense,2021-12-20
1400.0,Food,Expense,2021-12-15
1400.0,Food,Expense,2021-12-08
1400.0,Food,Expense,2021-12-16
1400.0,Food,Expense,2021-11-24
1400.0,Food,Expense,2022-01-22
1400.0,Food,Expense,2022-01-05
1400.0,Food,Expense,2022-02-04
1400.0,Food,Expense,2021-12-21
1400.0,Food,Expense,2021-12-01
1400.0,Food,Expense,2022-02-03
1400.0,Food,Expense,2022-01-12
1400.0,Food,Expense,2021-12-28
1400.0,Food,Expense,2022-01-15
1400.0,Food,Expense,2021-11-26
1400.0,Food,Expense,2021-12-04
1400.0,Food,Expense,2021-11-29
1400.0,Food,Expense,2022-02-03
1400.0,Food,Expense,2022-02-15
1400.0,Food,Expense,2022-01-05
1400.0,Food,Expense,2021-12-29
1400.0,Food,Expense,2022-03-01
1400.0,Food,Expense,2022-02-22
1400.0,Food,Expense,2022-02-20
1400.0,Food,Expense,2022-02-01
1400.0,Food,Expense,2021-12-14
1400.0,Food,Expense,2022-01-04
1400.0,Food,Expense,2022-02-11
1400.0,Food,Expense,2022-03-02
1400.0,Food,Expense,2022-02-09
1400.0,Food,Expense,2021-12-19
1400.0,Food,Expense,2021-12-17
1400.0,Food,Expense,2022-01-18
1400.0,Food,Expense,2022-02-12
1400.0,Food,Expense,2022-02-14
1400.0,Food,Expense,2022-01-20
1400.0,Food,Expense,2022-02-27
1400.0,Food,Expense,2022-02-05
1400.0,Food,Expense,2021-12-28
1400.0,Food,Expense,2021-12-17
1400.0,Food,Expense,2022-02-25
1400.0,Food,Expense,2021-11-27
1400.0,Food,Expense,2022-02-02
400.0,Health & Fitness,Expense,2021-12-06
400.0,Health & Fitness,Expense,2022-02-17
400.0,Health & Fitness,Expense,2022-01-31
400.0,Health & Fitness,Expense,2021-11-23
400.0,Health & Fitness,Expense,2022-01-25
400.0,Health & Fitness,Expense,2022-01-23
400.0,Health & Fitness,Expense,2022-03-01
400.0,Health & Fitness,Expense,2022-02-08
400.0,Health & Fitness,Expense,2022-02-22
400.0,Health & Fitness,Expense,2022-01-30
400.0,Health & Fitness,Expense,2022-01-25
400.0,Health & Fitness,Expense,2021-12-16
400.0,Health & Fitness,Expense,2022-03-01
400.0,Health & Fitness,Expense,2021-12-01
400.0,Health & Fitness,Expense,2022-02-10
400.0,Health & Fitness,Expense,2021-11-24
400.0,Health & Fitness,Expense,2021-12-20
400.0,Health & Fitness,Expense,2022-01-25
400.0,Health & Fitness,Expense,2022-01-11
400.0,Health & Fitness,Expense,2022-01-11
400.0,Health & Fitness,Expense,2021-12-28
400.0,Health & Fitness,Expense,2021-12-27
400.0,Health & Fitness,Expense,2021-11-26
400.0,Health & Fitness,Expense,2022-02-06
400.0,Health & Fitness,Expense,2022-01-08
400.0,Health & Fitness,Expense,2021-12-25
400.0,Health & Fitness,Expense,2022-01-16
400.0,Health & Fitness,Expense,2022-01-20
400.0,Health & Fitness,Expense,2022-02-25
400.0,Health & Fitness,Expense,2022-02-06
400.0,Health & Fitness,Expense,2022-01-01
400.0,Health & Fitness,Expense,2021-12-12
400.0,Health & Fitness,Expense,2021-11-26
400.0,Health & Fitness,Expense,2021-12-31
400.0,Health & Fitness,Expense,2022-01-11
400.0,Health & Fitness,Expense,2022-02-26
400.0,Health & Fitness,Expense,2022-01-03
400.0,Health & Fitness,Expense,2022-01-29
400.0,Health & Fitness,Expense,2021-11-24
400.0,Health & Fitness,Expense,2022-01-12
400.0,Health & Fitness,Expense,2021-11-24
400.0,Health & Fitness,Expense,2022-02-23
400.0,Health & Fitness,Expense,2021-12-08
400.0,Health & Fitness,Expense,2021-12-29
400.0,Health & Fitness,Expense,2022-01-29
400.0,Health & Fitness,Expense,2022-02-26
400.0,Health & Fitness,Expense,2022-01-05
400.0,Health & Fitness,Expense,2021-12-04
400.0,Health & Fitness,Expense,2022-01-19
400.0,Health & Fitness,Expense,2021-12-19
400.0,Health & Fitness,Expense,2022-01-27
400.0,Health & Fitness,Expense,2021-12-05
400.0,Health & Fitness,Expense,2021-12-25
400.0,Health & Fitness,Expense,2021-12-31
400.0,Health & Fitness,Expense,2022-01-27
400.0,Health & Fitness,Expense,2022-01-22
400.0,Health & Fitness,Expense,2022-01-10
400.0,Health & Fitness,Expense,2022-02-14
400.0,Health & Fitness,Expense,2021-12-12
400.0,Health & Fitness,Expense,2021-12-28
400.0,Health & Fitness,Expense,2022-02-22
400.0,Health & Fitness,Expense,2022-01-13
400.0,Health & Fitness,Expense,2022-01-14
400.0,Health & Fitness,Expense,2021-12-17
400.0,Health & Fitness,Expense,2021-12-10
400.0,Health & Fitness,Expense,2022-02-25
400.0,Health & Fitness,Expense,2021-12-25
400.0,Health & Fitness,Expense,2022-01-19
400.0,Health & Fitness,Expense,2021-12-09
400.0,Health & Fitness,Expense,2021-12-20
400.0,Health & Fitness,Expense,2021-12-13
400.0,Health & Fitness,Expense,2022-02-19
400.0,Health & Fitness,Expense,2021-12-12
400.0,Health & Fitness,Expense,2022-02-08
400.0,Health & Fitness,Expense,2021-11-30
400.0,Health & Fitness,Expense,2022-01-03
400.0,Health & Fitness,Expense,2022-01-07
400.0,Health & Fitness,Expense,2022-01-20
400.0,Health & Fitness,Expense,2022-02-23
400.0,Health & Fitness,Expense,2021-11-30
400.0,Health & Fitness,Expense,2022-02-05
196.0,Beauty,Expense,2022-02-04
196.0,Beauty,Expense,2022-02-22
196.0,Beauty,Expense,2022-01-14
196.0,Beauty,Expense,2021-12-20
196.0,Beauty,Expense,2022-02-23
196.0,Beauty,Expense,2022-01-08
196.0,Beauty,Expense,2022-02-15
196.0,Beauty,Expense,2021-12-20
196.0,Beauty,Expense,2022-02-04
196.0,Beauty,Expense,2021-12-24
196.0,Beauty,Expense,2022-02-20
196.0,Beauty,Expense,2022-01-16
196.0,Beauty,Expense,2021-12-02
196.0,Beauty,Expense,2022-02-04
196.0,Beauty,Expense,2021-12-15
196.0,Beauty,Expense,2022-02-27
196.0,Beauty,Expense,2021-12-14
196.0,Beauty,Expense,2022-01-05
196.0,Beauty,Expense,2021-12-18
196.0,Beauty,Expense,2021-11-22
196.0,Beauty,Expense,2022-01-18
196.0,Beauty,Expense,2022-03-01
196.0,Beauty,Expense,2022-02-03
196.0,Beauty,Expense,2021-12-05
196.0,Beauty,Expense,2021-12-05
196.0,Beauty,Expense,2021-12-28
196.0,Beauty,Expense,2022-02-15
196.0,Beauty,Expense,2022-01-06
196.0,Beauty,Expense,2021-11-21
196.0,Beauty,Expense,2021-12-05
196.0,Beauty,Expense,2022-02-24
196.0,Beauty,Expense,2021-12-07
196.0,Beauty,Expense,2022-01-17
196.0,Beauty,Expense,2021-12-11
196.0,Beauty,Expense,2022-02-18
196.0,Beauty,Expense,2021-12-17
196.0,Beauty,Expense,2022-01-06
196.0,Beauty,Expense,2021-11-24
196.0,Beauty,Expense,2022-02-19
196.0,Beauty,Expense,2022-02-04
196.0,Beauty,Expense,2021-11-24
196.0,Beauty,Expense,2021-11-30
196.0,Beauty,Expense,2022-02-19
196.0,Beauty,Expense,2021-12-27
196.0,Beauty,Expense,2021-12-10
196.0,Beauty,Expense,2022-02-21
196.0,Beauty,Expense,2022-02-23
196.0,Beauty,Expense,2022-02-26
196.0,Beauty,Expense,2021-12-23
196.0,Beauty,Expense,2021-12-24
196.0,Beauty,Expense,2022-02-26
196.0,Beauty,Expense,2021-12-28
196.0,Beauty,Expense,2022-01-07
196.0,Beauty,Expense,2021-12-04
196.0,Beauty,Expense,2021-12-05
196.0,Beauty,Expense,2021-12-24
196.0,Beauty,Expense,2022-01-22
196.0,Beauty,Expense,2022-02-06
196.0,Beauty,Expense,2022-02-20
196.0,Beauty,Expense,2022-02-23
196.0,Beauty,Expense,2022-02-20
196.0,Beauty,Expense,2022-01-26
196.0,Beauty,Expense,2022-02-09
196.0,Beauty,Expense,2022-01-19
196.0,Beauty,Expense,2021-12-22
196.0,Beauty,Expense,2022-02-08
196.0,Beauty,Expense,2021-12-02
196.0,Beauty,Expense,2022-01-31
196.0,Beauty,Expense,2022-01-18
196.0,Beauty,Expense,2022-01-23
196.0,Beauty,Expense,2021-12-12
196.0,Beauty,Expense,2021-11-25
196.0,Beauty,Expense,2022-02-20
196.0,Beauty,Expense,2022-02-22
196.0,Beauty,Expense,2022-02-15
196.0,Beauty,Expense,2021-12-20
196.0,Beauty,Expense,2021-11-27
196.0,Beauty,Expense,2022-01-05
196.0,Beauty,Expense,2021-12-02
196.0,Beauty,Expense,2021-12-15
196.0,Beauty,Expense,2022-02-27
196.0,Beauty,Expense,2022-02-17
196.0,Beauty,Expense,2021-11-25
196.0,Beauty,Expense,2021-12-20
1000.0,Salary,Income,2022-01-01
1000.0,Salary,Income,2021-12-18
1000.0,Salary,Income,2021-12-12
8000.0,Salary,Income,2021-12-05
1000.0,Salary,Income,2021-12-03
2000.0,Salary,Income,2021-11-27
7164.011273564746,Salary,Income,2021-11-21
1000.0,Salary,Income,2021-11-21
1000.0,Salary,Income,2021-11-21
1000.0,Salary,Income,2022-01-26
1000.0,Salary,Income,2021-12-14
1000.0,Salary,Income,2022-01-08
1000.0,Salary,Income,2022-02-24
1000.0,Salary,Income,2022-02-27
1000.0,Salary,Income,2021-11-22
1000.0,Salary,Income,2021-12-01
7367.034441018376,Salary,Income,2022-02-19
1000.0,Salary,Income,2021-12-28
1781.5595627831665,Salary,Income,2021-12-08
1000.0,Salary,Income,2021-12-18
1000.0,Salary,Income,2022-01-07
6053.929873968356,Salary,Income,2021-12-14
1877.9120452993263,Salary,Income,2021-11-22
1643.702161923025,Salary,Income,2022-02-12
1000.0,Salary,Income,2022-02-20
6367.206503692189,Salary,Income,2022-01-03
1000.0,Salary,Income,2021-12-13
1000.0,Salary,Income,2021-12-22
5884.586861994986,Salary,Income,2022-01-18
1000.0,Salary,Income,2022-01-17
1835.344146857058,Salary,Income,2022-01-13
1000.0,Salary,Income,2022-02-22
5091.020171846101,Salary,Income,2022-01-10
1000.0,Salary,Income,2021-12-27
1000.0,Salary,Income,2022-02-28
1000.0,Salary,Income,2021-12-16
1000.0,Salary,Income,2021-12-05
1000.0,Salary,Income,2021-12-26
4651.387987895952,Salary,Income,2022-02-02
5576.982973651755,Salary,Income,2022-01-24
1935.1077528910184,Salary,Income,2021-11-22
1746.0845860656552,Salary,Income,2022-01-05
1753.1239371613988,Salary,Income,2022-01-17
1000.0,Salary,Income,2021-12-13
3726.376460453348,Salary,Income,2021-12-30
7111.478420279601,Salary,Income,2021-12-14
1000.0,Salary,Income,2021-12-10
1000.0,Salary,Income,2022-01-27
1000.0,Salary,Income,2022-01-10
1000.0,Salary,Income,2021-12-05
1000.0,Salary,Income,2022-02-07
1000.0,Salary,Income,2021-12-01
1000.0,Salary,Income,2022-01-03
3915.767290671399,Salary,Income,2021-11-23
1000.0,Salary,Income,2021-12-15
5313.30101256145,Salary,Income,2022-01-30
1447.106910928672,Salary,Income,2021-12-16
1000.0,Salary,Income,2022-01-05
1000.0,Salary,Income,2022-02-04
1000.0,Salary,Income,2022-01-31
1000.0,Salary,Income,2021-12-03
1000.0,Salary,Income,2021-12-11
1000.0,Salary,Income,2021-11-26
2099.4611546309425,Salary,Income,2022-02-19
5607.053345332682,Salary,Income,2021-12-28
3101.4087606836965,Salary,Income,2022-01-13
3209.929250092693,Salary,Income,2022-01-16
1000.0,Salary,Income,2021-12-17
1000.0,Salary,Income,2022-02-05
1304.187193209118,Salary,Income,2021-12-23
1000.0,Salary,Income,2021-12-11
6044.246568788692,Salary,Income,2021-11-27
1000.0,Salary,Income,2022-02-22
3733.102805371893,Salary,Income,2022-01-12
1000.0,Salary,Income,2022-02-15
1651.3340127082706,Salary,Income,2021-12-18
1903.8234489085792,Salary,Income,2021-12-03
1059.476735510396,Salary,Income,2021-12-12
1000.0,Salary,Income,2022-02-18
4893.491896835119,Salary,Income,2021-12-16
1162.289894092672,Salary,Income,2022-02-22
1000.0,Salary,Income,2022-03-02
1000.0,Salary,Income,2022-02-20
1000.0,Salary,Income,2022-01-18
4751.312157034605,Salary,Income,2022-02-08
1000.0,Salary,Income,2021-11-23
1000.0,Salary,Income,2021-12-17
1825.045072904064,Salary,Income,2022-01-05
2106.989940023386,Salary,Income,2022-01-31
1483.3641087289857,Salary,Income,2022-01-01
1739.170825169591,Salary,Income,2021-11-24
2022.4778014524536,Salary,Income,2022-02-13
1000.0,Salary,Income,2022-01-29
1441.7065463929025,Salary,Income,2022-01-21
1000.0,Salary,Income,2022-02-28
1000.0,Salary,Income,2022-01-25
1000.0,Salary,Income,2021-12-03
1000.0,Salary,Income,2022-02-24
1000.0,Salary,Income,2022-01-03
1000.0,Salary,Income,2021-12-31
5572.95123726686,Salary,Income,2022-01-14
2673.3794074342413,Salary,Income,2021-12-05
2894.429307394924,Salary,Income,2021-12-28
1000.0,Salary,Income,2022-01-09
1000.0,Salary,Income,2021-12-08
1000.0,Salary,Income,2021-12-09
1000.0,Salary,Income,2022-01-09
1000.0,Salary,Income,2021-12-06
1000.0,Salary,Income,2021-12-16
1000.0,Salary,Income,2021-12-12
1000.0,Salary,Income,2022-01-23
6167.816837933639,Salary,Income,2022-02-23
1000.0,Salary,Income,2022-02-19
1000.0,Salary,Income,2021-12-02
1000.0,Salary,Income,2021-12-16
1000.0,Salary,Income,2022-01-21
1000.0,Salary,Income,2022-02-10
1000.0,Salary,Income,2022-02-24
1000.0,Salary,Income,2021-12-10
1000.0,Salary,Income,2021-12-16
1000.0,Salary,Income,2021-11-28
1000.0,Salary,Income,2021-12-16
1000.0,Salary,Income,2021-11-25
4744.758616670604,Salary,Income,2022-01-18
1000.0,Salary,Income,2021-12-27
4182.004290884628,Salary,Income,2021-11-23
1000.0,Salary,Income,2022-01-18
1000.0,Salary,Income,2022-02-25
1021.1071417249908,Salary,Income,2022-01-25
1000.0,Salary,Income,2022-02-03
1000.0,Salary,Income,2022-02-13
5393.633806937429,Salary,Income,2022-02-24
1649.9215923053243,Salary,Income,2022-02-28
1000.0,Salary,Income,2022-02-11
1000.0,Salary,Income,2022-02-11
1000.0,Salary,Income,2022-01-06
1000.0,Salary,Income,2022-01-01
1000.0,Salary,Income,2022-02-16
1427.995800790817,Salary,Income,2022-02-01
1000.0,Salary,Income,2022-02-27
1000.0,Salary,Income,2022-01-21
1000.0,Salary,Income,2021-12-17
1000.0,Salary,Income,2021-12-05
1720.4396582032414,Salary,Income,2022-02-16
1000.0,Salary,Income,2022-01-22
1000.0,Salary,Income,2022-01-25
1000.0,Salary,Income,2022-01-31
1000.0,Salary,Income,2022-01-03
4683.4101989870605,Salary,Income,2021-11-23
1000.0,Salary,Income,2022-01-10
1000.0,Salary,Income,2022-01-13
1000.0,Salary,Income,2022-02-10
6165.817884276908,Salary,Income,2022-02-25
1000.0,Salary,Income,2022-02-25
6389.150858659059,Salary,Income,2022-01-01
1514.7201257236843,Salary,Income,2022-02-27
